{
    "name": "Nets from file: scripts/files/titanic.json",
    "nets": [
        {
            "act_func": "relu",
            "expectedInputs": {
                "Age": {
                    "max": 80.0,
                    "min": 0.42
                },
                "Embarked": {
                    "max": 2.0,
                    "min": 0.0
                },
                "Fare": {
                    "max": 512.3292,
                    "min": 0.0
                },
                "Gender": {
                    "max": 1.0,
                    "min": 0.0
                },
                "Parch": {
                    "max": 6.0,
                    "min": 0.0
                },
                "Pclass": {
                    "max": 3.0,
                    "min": 1.0
                },
                "SibSp": {
                    "max": 8.0,
                    "min": 0.0
                }
            },
            "expectedOutputs": {
                "Output": {
                    "max": 1.0,
                    "min": 0.0
                }
            },
            "fin_act_func": "sigmoid",
            "midwidth": 2,
            "net_name": 0,
            "net_ver": "2",
            "nodes": [
                {
                    "connections": {
                        "7": 0.6284423865261025,
                        "8": -0.5636018668983485,
                        "9": 0.06590311438679973,
                        "10": -0.8456787342174283,
                        "11": -0.07757243369361157
                    },
                    "id": 0,
                    "layer": "input",
                    "name": "Pclass"
                },
                {
                    "connections": {
                        "7": -0.6885598245304508,
                        "8": 0.12043575248557847,
                        "9": -0.3294027378871867,
                        "10": 0.28266748558847293,
                        "11": -0.3989294736620748
                    },
                    "id": 1,
                    "layer": "input",
                    "name": "Gender"
                },
                {
                    "connections": {
                        "7": -0.08074178013197658,
                        "8": 0.5429615410485111,
                        "9": -0.8665381362776332,
                        "10": -1,
                        "11": 0.7357659877729594
                    },
                    "id": 2,
                    "layer": "input",
                    "name": "Age"
                },
                {
                    "connections": {
                        "7": -0.5584820279326678,
                        "8": -0.5875832720656338,
                        "9": -0.31838935041264865,
                        "10": -0.15139240334015386,
                        "11": 0.3532654036180491
                    },
                    "id": 3,
                    "layer": "input",
                    "name": "SibSp"
                },
                {
                    "connections": {
                        "7": -0.084023004626091,
                        "8": 0.15604861292217873,
                        "9": 0.11902826214245471,
                        "10": 0.3844564791550016,
                        "11": -0.42974176381625123
                    },
                    "id": 4,
                    "layer": "input",
                    "name": "Parch"
                },
                {
                    "connections": {
                        "7": 0.7677562250271495,
                        "8": -0.8145324366955358,
                        "9": 0.4834012435872931,
                        "10": -0.3195803382557869,
                        "11": 0.2679678974362837
                    },
                    "id": 5,
                    "layer": "input",
                    "name": "Fare"
                },
                {
                    "connections": {
                        "7": -0.2893117104801062,
                        "8": 0.1130900098938103,
                        "9": 0.4750318728531989,
                        "10": -0.4676014400993361,
                        "11": 1
                    },
                    "id": 6,
                    "layer": "input",
                    "name": "Embarked"
                },
                {
                    "connections": {
                        "12": -0.5395149671115268,
                        "13": 0.9015537781117023,
                        "14": -0.5020854162868564,
                        "15": 0.12205470160134943,
                        "16": 0.8167828420668574
                    },
                    "id": 7,
                    "layer": 0
                },
                {
                    "connections": {
                        "12": -0.6863647291485802,
                        "13": -0.5047644330909848,
                        "14": 1,
                        "15": -1,
                        "16": 1
                    },
                    "id": 8,
                    "layer": 0
                },
                {
                    "connections": {
                        "12": -0.03153018209488162,
                        "13": 0.2464728086113553,
                        "14": -0.748019457518866,
                        "15": -0.438629864337336,
                        "16": 0.160408036539845
                    },
                    "id": 9,
                    "layer": 0
                },
                {
                    "connections": {
                        "12": -0.5957967595834301,
                        "13": -0.3262525168072366,
                        "14": 0.7836932847047141,
                        "15": -0.9404326461541996,
                        "16": 0.5050182497625264
                    },
                    "id": 10,
                    "layer": 0
                },
                {
                    "connections": {
                        "12": -0.30673501563331396,
                        "13": 0.26484038414701927,
                        "14": 0.3183466762146411,
                        "15": -0.2834254693213426,
                        "16": 0.15585603099471554
                    },
                    "id": 11,
                    "layer": 0
                },
                {
                    "connections": {
                        "17": -0.12815326351504294
                    },
                    "id": 12,
                    "layer": 1
                },
                {
                    "connections": {
                        "17": -1
                    },
                    "id": 13,
                    "layer": 1
                },
                {
                    "connections": {
                        "17": 0.5280245486605601
                    },
                    "id": 14,
                    "layer": 1
                },
                {
                    "connections": {
                        "17": -0.11834759287871498
                    },
                    "id": 15,
                    "layer": 1
                },
                {
                    "connections": {
                        "17": -0.39319609664599475
                    },
                    "id": 16,
                    "layer": 1
                },
                {
                    "id": 17,
                    "layer": "output",
                    "name": "Output"
                },
                {
                    "connections": {
                        "7": -0.3136862036318314,
                        "8": 0.5416624303713298,
                        "9": 0.1971382417166654,
                        "10": 1,
                        "11": -0.4741860951684186,
                        "12": 1,
                        "13": 0.16447127609107814,
                        "14": -0.3421442477249821,
                        "15": 1,